Callsign,Address,Xo,Yo,CodeOut,Antenna (m),Frequency MHz,Tx bandwidth kHz,Rx bandwidth kHz,Azimuth (deg),Nominal power (W),Tx antenna gain (dB),Rx antenna gain (dB),Tx losses (dB),Rx losses (dB),Pattern H,Pattern V,Coverage threshold (dBm),Rx threshold (dBm),signal(category),Tilt (deg),nfd,freqTx1,freqTx2,freqTx3,freqTx4,freqTx5,freqTx6,freqTx7,freqTx8,freqTx9,freqTx10,freqTx11,freqTx12,freqTx13,freqTx14,freqTx15,freqTx16,freqRx1,freqRx2,freqRx3,freqRx4,freqRx5,freqRx6,freqRx7,freqRx8,freqRx9,freqRx10,freqRx11,freqRx12,freqRx13,freqRx14,freqRx15,freqRx16,Uplink_cx,Downlink_cx
hctr1,A,128.574875,37.651914,04-Dec,30,1429.5,5000,5000,0,1,20,20,0.5,0.5,,,63,63,2,0,B3N16,1429.5,1445,1445,1445,1445,1445,1445,1445,1445,1445,1445,1445,1445,1445,1445,1445,1610,1630,1630,1630,1630,1630,1630,1630,1630,1630,1630,1630,1630,1630,1630,1630,16,16
hctr2,B,128.650085,37.716153,04-Dec,30,1429.5,5000,5000,0,1,20,20,0.5,0.5,,,63,63,2,0,B3N16,1429.5,1430,1430,1430,1430,1430,1430,1430,1430,1430,1430,1430,1430,1430,1430,1430,1605,1620,1620,1620,1620,1620,1620,1620,1620,1620,1620,1620,1620,1620,1620,1620,16,16
hctr3,A,128.679764,37.675137,04-Dec,30,1429.5,5000,5000,0,1,20,20,0.5,0.5,,,63,63,2,0,B3N16,1429.5,1455,1455,1455,1455,1455,1455,1455,1455,1455,1455,1455,1455,1455,1455,1455,1625,1615,1615,1615,1615,1615,1615,1615,1615,1615,1615,1615,1615,1615,1615,1615,16,16
hctr4,B,128.731506,37.665173,04-Dec,30,1429.5,5000,5000,0,1,20,20,0.5,0.5,,,63,63,2,0,B3N16,1429.5,1420,1420,1420,1420,1420,1420,1420,1420,1420,1420,1420,1420,1420,1420,1420,1600,1640,1640,1640,1640,1640,1640,1640,1640,1640,1640,1640,1640,1640,1640,1640,16,16
hctr5,C,128.70369,37.703319,04-Dec,30,1429.5,5000,5000,0,1,20,20,0.5,0.5,,,63,63,2,0,B3N16,1429.5,1400,1400,1400,1400,1400,1400,1400,1400,1400,1400,1400,1400,1400,1400,1400,1635,1650,1650,1650,1650,1650,1650,1650,1650,1650,1650,1650,1650,1650,1650,1650,16,16
