부대명,그룹,경도,위도,좌표계,안테나 높이 (m),주파수 (MHz),송신대역폭 (kHz),수신대역폭 (kHz),방위각 (deg),출력 (W),송신 안테나 이득 (dB),수신 안테나 이득 (dB),송신 손실 (dB),수신 손실 (dB),수평 안테나 패턴,수직 안테나 패턴,커버리지 수신감도 (dBm),수신감도 (dBm),signal(category),Tilt (deg),nfd,freqTx1,freqTx2,freqTx3,freqTx4,freqTx5,freqTx6,freqTx7,freqTx8,freqTx9,freqTx10,freqTx11,freqTx12,freqTx13,freqTx14,freqTx15,freqTx16,Downlink_cx
hctr1,A,128.574875,37.651914,4DEC,30,1429.5,5000,5000,0,2,20,20,0.5,0.5,,,-77,-77,2,0,B3N16,1429.5,1445,1445,1445,1445,1445,1445,1445,1445,1445,1445,1445,1445,1445,1445,1445,3
hctr2,B,128.650085,37.716153,4DEC,30,1429.5,5000,5000,0,2,20,20,0.5,0.5,,,-77,-77,2,0,B3N16,1429.5,1430,1430,1430,1430,1430,1430,1430,1430,1430,1430,1430,1430,1430,1430,1430,3
hctr3,A,128.679764,37.675137,4DEC,30,1429.5,5000,5000,0,2,20,20,0.5,0.5,,,-77,-77,2,0,B3N16,1429.5,1455,1455,1455,1455,1455,1455,1455,1455,1455,1455,1455,1455,1455,1455,1455,3
hctr4,B,128.731506,37.665173,4DEC,30,1429.5,5000,5000,0,2,20,20,0.5,0.5,,,-77,-77,2,0,B3N16,1429.5,1420,1420,1420,1420,1420,1420,1420,1420,1420,1420,1420,1420,1420,1420,1420,3
hctr5,C,128.70369,37.703319,4DEC,30,1429.5,5000,5000,0,2,20,20,0.5,0.5,,,-77,-77,2,0,B3N16,1429.5,1400,1400,1400,1400,1400,1400,1400,1400,1400,1400,1400,1400,1400,1400,1400,3
hctr6,C,128.80369,37.803319,4DEC,30,1429.5,5000,5000,0,2,20,20,0.5,0.5,,,-77,-77,2,0,B3N16,1429.5,1400,1400,1400,1400,1400,1400,1400,1400,1400,1400,1400,1400,1400,1400,1400,3